1741017816103|GET|/
1741017816120|GET|/app.mjs
1741017816121|GET|/script.mjs
1741017818488|GET|/sw.js
1741017830050|GET|/
1741017830066|GET|/script.mjs
1741017830068|GET|/app.mjs
1741017832542|GET|/manifest.Webmanifest
1741017832559|GET|/icons/icon.png
1741017832709|GET|/sw.js
1741017897332|GET|/
1741017897351|GET|/script.mjs
1741017897352|GET|/app.mjs
1741017897365|GET|/manifest.Webmanifest
1741017897372|GET|/icons/icon.png
1741017899376|GET|/sw.js
1741808871935|GET|/
1741808871973|GET|/script.mjs
1741808871988|GET|/app.mjs
1741808871990|GET|/modules/usergeneratorView.mjs
1741808871991|GET|/manifest.Webmanifest
1741808872005|GET|/icons/icon.png
1741808872006|GET|/favicon.ico
1741808872011|GET|/sw.js
1741808886167|GET|/manifest.Webmanifest
1741809045423|GET|/sw.js
1741809046459|GET|/
1741809046534|GET|/script.mjs
1741809046535|GET|/view/usergeneratorView.mjs
1741809046536|GET|/app.mjs
1741809046552|GET|/manifest.Webmanifest
1741809046556|GET|/icons/icon.png
1741809048095|GET|/sw.js
1741809084293|GET|/sw.js
1741809085325|GET|/
1741809085383|GET|/server.mjs
1741809085386|GET|/app.mjs
1741809085390|GET|/view/usergeneratorView.mjs
1741809085404|GET|/manifest.Webmanifest
1741809085409|GET|/icons/icon.png
1741809087253|GET|/sw.js
1741809088280|GET|/
1741809088313|GET|/server.mjs
1741809088314|GET|/app.mjs
1741809088326|GET|/view/usergeneratorView.mjs
1741809088346|GET|/manifest.Webmanifest
1741809088354|GET|/icons/icon.png
1741809090347|GET|/sw.js
1741809095929|GET|/sw.js
1741809096953|GET|/
1741809097001|GET|/server.js
1741809097003|GET|/app.mjs
1741809097005|GET|/view/usergeneratorView.mjs
1741809097019|GET|/manifest.Webmanifest
1741809097024|GET|/icons/icon.png
1741809099015|GET|/sw.js
1741809166726|GET|/sw.js
1741809167757|GET|/
1741809167818|GET|/server.js
1741809167821|GET|/controller/usergeneratorView.mjs
1741809167823|GET|/app.mjs
1741809167846|GET|/modules/templateManager.mjs
1741809167846|GET|/modules/generateUser.mjs
1741809167855|GET|/manifest.Webmanifest
1741809167860|GET|/icons/icon.png
1741809169840|GET|/sw.js
1741809190401|GET|/sw.js
1741809191424|GET|/
1741809191482|GET|/server.js
1741809191486|GET|/app.mjs
1741809191489|GET|/controller/usergeneratorView.mjs
1741809191497|GET|/modules/templateManager.mjs
1741809191498|GET|/modules/generateUser.mjs
1741809191508|GET|/manifest.Webmanifest
1741809191524|GET|/icons/icon.png
1741809193493|GET|/sw.js
1741809282948|GET|/sw.js
1741809283974|GET|/
1741809284041|GET|/app.mjs
1741809284047|GET|/controller/usergeneratorView.mjs
1741809284057|GET|/modules/templateManager.mjs
1741809284058|GET|/modules/generateUser.mjs
1741809284067|GET|/manifest.Webmanifest
1741809284076|GET|/icons/icon.png
1741809285832|GET|/sw.js
1741809317195|GET|/sw.js
1741809318238|GET|/
1741809318285|GET|/app.mjs
1741809318288|GET|/controller/usergeneratorView.mjs
1741809318315|GET|/modules/templateManager.mjs
1741809318316|GET|/modules/generateUser.mjs
1741809318322|GET|/data/userRecordStore.mjs
1741809318329|GET|/manifest.Webmanifest
1741809318337|GET|/icons/icon.png
1741809320281|GET|/sw.js
1741810142680|GET|/sw.js
1741810143715|GET|/
1741810143753|GET|/app.mjs
1741810143756|GET|/controller/usergeneratorView.mjs
1741810143769|GET|/modules/templateManager.mjs
1741810143770|GET|/modules/generateUser.mjs
1741810143776|GET|/data/userRecordStore.mjs
1741810143785|GET|/manifest.Webmanifest
1741810143790|GET|/icons/icon.png
1741810145327|GET|/sw.js
1741810364035|GET|/sw.js
1741810365074|GET|/
1741810365112|GET|/app.mjs
1741810365122|GET|/controller/usergeneratorView.mjs
1741810365130|GET|/modules/templateManager.mjs
1741810365131|GET|/modules/generateUser.mjs
1741810365137|GET|/data/userRecordStore.mjs
1741810365145|GET|/manifest.Webmanifest
1741810365152|GET|/icons/icon.png
1741810367131|GET|/sw.js
1741810565355|GET|/sw.js
1741810566389|GET|/
1741810566441|GET|/app.mjs
1741810566442|GET|/controller/usergeneratorView.mjs
1741810566458|GET|/modules/templateManager.mjs
1741810566459|GET|/modules/generateUser.mjs
1741810566464|GET|/data/userRecordStore.mjs
1741810566474|GET|/manifest.Webmanifest
1741810566530|GET|/icons/icon.png
1741810568444|GET|/sw.js
1741811167292|GET|/sw.js
1741811168322|GET|/
1741811168366|GET|/app.mjs
1741811168367|GET|/controller/usergeneratorView.mjs
1741811168381|GET|/modules/templateManager.mjs
1741811168382|GET|/modules/generateUser.mjs
1741811168389|GET|/data/userRecordStore.mjs
1741811168397|GET|/manifest.Webmanifest
1741811168402|GET|/icons/icon.png
1741811170160|GET|/sw.js
1741813524512|GET|/sw.js
1741813525539|GET|/
1741813525607|GET|/app.mjs
1741813525608|GET|/controller/usergeneratorView.mjs
1741813525620|GET|/modules/templateManager.mjs
1741813525620|GET|/modules/generateUser.mjs
1741813525630|GET|/data/userRecordStore.mjs
1741813525637|GET|/manifest.Webmanifest
1741813525684|GET|/icons/icon.png
1741813527637|GET|/sw.js
1741813889725|GET|/sw.js
1741813890748|GET|/
1741813890782|GET|/app.mjs
1741813890805|GET|/controller/usergeneratorView.mjs
1741813890821|GET|/modules/templateManager.mjs
1741813890822|GET|/modules/generateUser.mjs
1741813890828|GET|/data/userRecordStore.mjs
1741813890835|GET|/manifest.Webmanifest
1741813890840|GET|/icons/icon.png
1741813892793|GET|/sw.js
1741814365089|GET|/sw.js
1741814365114|GET|/
1741814365132|GET|/app.mjs
1741814365149|GET|/controller/usergeneratorView.mjs
1741814365154|GET|/modules/templateManager.mjs
1741814365155|GET|/modules/generateUser.mjs
1741814365161|GET|/data/userRecordStore.mjs
1741814365171|GET|/manifest.Webmanifest
1741814365175|GET|/icons/icon.png
1741814366684|GET|/sw.js
1741814492243|GET|/sw.js
1741814492271|GET|/index.html
1741814492272|GET|/app.mjs
1741814492272|GET|/icons/icon.png
1741814493308|GET|/
1741814493352|GET|/controller/usergeneratorView.mjs
1741814493361|GET|/modules/templateManager.mjs
1741814493361|GET|/modules/generateUser.mjs
1741814493378|GET|/data/userRecordStore.mjs
1741814493390|GET|/manifest.Webmanifest
1741814495256|GET|/sw.js
1741814532826|GET|/sw.js
1741814532839|GET|/index.html
1741814532840|GET|/app.mjs
1741814532841|GET|/icons/icon.png
1741814535906|GET|/sw.js
1741814551012|GET|/sw.js
1741814551027|GET|/index.html
1741814551029|GET|/icons/icon.png
1741814551028|GET|/app.mjs
1741814553778|GET|/sw.js
1741814587984|GET|/sw.js
1741814587997|GET|/index.html
1741814587998|GET|/app.mjs
1741814587999|GET|/icons/icon.png
1741814590655|GET|/sw.js
1741814606303|GET|/sw.js
1741814606317|GET|/index.html
1741814606318|GET|/app.mjs
1741814606318|GET|/icons/icon.png
1741814608967|GET|/sw.js
1741814619037|GET|/sw.js
1741814619048|GET|/index.html
1741814619052|GET|/app.mjs
1741814619054|GET|/icons/icon.png
1741814621654|GET|/sw.js
1741814636311|GET|/sw.js
1741814636325|GET|/index.html
1741814636326|GET|/app.mjs
1741814636327|GET|/icons/icon.png
1741814639406|GET|/sw.js
1741814670909|GET|/sw.js
1741814670926|GET|/index.html
1741814670927|GET|/app.mjs
1741814670928|GET|/icons/icon.png
1741814673543|GET|/sw.js
1741814676214|GET|/icons/icon.png
1741814695776|GET|/sw.js
1741814695792|GET|/index.html
1741814695794|GET|/app.mjs
1741814695795|GET|/icons/icon.png
1741814698866|GET|/sw.js
1741814715631|GET|/sw.js
1741814715644|GET|/index.html
1741814715645|GET|/app.mjs
1741814715645|GET|/icons/icon.png
1741814718482|GET|/sw.js
1741814740130|GET|/sw.js
1741814740148|GET|/index.html
1741814740149|GET|/app.mjs
1741814740150|GET|/icons/icon.png
1741814743225|GET|/sw.js
1741814790032|GET|/sw.js
1741814798455|GET|/icons/icon.png
1741814824229|GET|/sw.js
1741814824244|GET|/app.mjs
1741814824243|GET|/index.html
1741814824245|GET|/icons/icon.png
1741814827324|GET|/sw.js
1741814850278|GET|/sw.js
1741814850293|GET|/index.html
1741814850294|GET|/app.mjs
1741814850295|GET|/icons/icon.png
1741814852990|GET|/sw.js
1741814983928|GET|/favicon.ico
1741814985464|GET|/sw.js
1741814986622|GET|/sw.js
1741814992228|GET|/icons/icon.png
1741815239077|GET|/sw.js
1741815239092|GET|/index.html
1741815239093|GET|/icons/icon.png
1741815239095|GET|/app.mjs
1741815242191|GET|/sw.js
1741815326262|GET|/sw.js
1741815326279|GET|/app.mjs
1741815326278|GET|/index.html
1741815326280|GET|/icons/icon.png
1741815329370|GET|/sw.js
1741815485692|GET|/sw.js
1741815485707|GET|/index.html
1741815485708|GET|/app.mjs
1741815485708|GET|/icons/icon.png
1741815488763|GET|/sw.js
1741815502184|GET|/sw.js
1741815502200|GET|/index.html
1741815502200|GET|/app.mjs
1741815502201|GET|/icons/icon.png
1741815505068|GET|/sw.js
1741817814016|GET|/sw.js
1741817823023|GET|/icons/icon.png
1741818170702|GET|/sw.js
1741818170717|GET|/index.html
1741818170718|GET|/app.mjs
1741818170719|GET|/icons/icon.png
1741818173457|GET|/sw.js
1741818347776|GET|/sw.js
1741818347791|GET|/index.html
1741818347792|GET|/app.mjs
1741818347793|GET|/icons/icon.png
1741818350373|GET|/sw.js
1741818440548|GET|/sw.js
1741818440564|GET|/index.html
1741818440565|GET|/app.mjs
1741818440566|GET|/icons/icon.png
1741818443628|GET|/sw.js
1741818456567|GET|/sw.js
1741818456587|GET|/app.mjs
1741818456586|GET|/index.html
1741818456588|GET|/icons/icon.png
1741818459660|GET|/sw.js
1741818657442|GET|/sw.js
1741818657496|GET|/index.html
1741818657497|GET|/app.mjs
1741818657498|GET|/icons/icon.png
1741818660590|GET|/sw.js
1741818820074|GET|/sw.js
1741818820088|GET|/index.html
1741818820089|GET|/app.mjs
1741818820090|GET|/icons/icon.png
1741818821131|GET|/controller/usergeneratorView.mjs
1741818822743|GET|/sw.js
1741818843148|GET|/
1741818843163|GET|/app.mjs
1741818843169|GET|/manifest.Webmanifest
1741818843171|GET|/controller/usergeneratorView.mjs
1741818843178|GET|/modules/templateManager.mjs
1741818843178|GET|/modules/generateUser.mjs
1741818843187|GET|/icons/icon.png
1741818858706|GET|/sw.js
1741818867814|GET|/
1741818867833|GET|/app.mjs
1741818867845|GET|/controller/usergeneratorView.mjs
1741818867854|GET|/modules/templateManager.mjs
1741818867855|GET|/modules/generateUser.mjs
1741818867864|GET|/manifest.Webmanifest
1741818867869|GET|/icons/icon.png
1741818873715|GET|/
1741818873731|GET|/app.mjs
1741818873739|GET|/controller/usergeneratorView.mjs
1741818873745|GET|/modules/templateManager.mjs
1741818873746|GET|/modules/generateUser.mjs
1741818873757|GET|/manifest.Webmanifest
1741818873762|GET|/icons/icon.png
1741818950150|GET|/
1741818950172|GET|/app.mjs
1741818950183|GET|/controller/usergeneratorView.mjs
1741818950189|GET|/modules/templateManager.mjs
1741818950191|GET|/modules/generateUser.mjs
1741818954782|GET|/manifest.Webmanifest
1741818954795|GET|/icons/icon.png
1741818956037|GET|/
1741818956049|GET|/app.mjs
1741818956057|GET|/controller/usergeneratorView.mjs
1741818956061|GET|/modules/templateManager.mjs
1741818956062|GET|/modules/generateUser.mjs
1741818956069|GET|/manifest.Webmanifest
1741818956073|GET|/icons/icon.png
1741818958891|GET|/manifest.Webmanifest
1741818965500|GET|/icons/icon.png
1741818979048|GET|/
1741818979064|GET|/app.mjs
1741818979070|GET|/controller/usergeneratorView.mjs
1741818979077|GET|/modules/templateManager.mjs
1741818979078|GET|/modules/generateUser.mjs
1741818979091|GET|/manifest.Webmanifest
1741818979097|GET|/icons/icon.png
1741818979125|GET|/sw.js
1741818979144|GET|/index.html
1741818979145|GET|/app.mjs
1741818979145|GET|/icons/icon.png
1741818987481|GET|/
1741818987494|GET|/app.mjs
1741818987501|GET|/controller/usergeneratorView.mjs
1741818987508|GET|/modules/templateManager.mjs
1741818987509|GET|/modules/generateUser.mjs
1741818987518|GET|/manifest.Webmanifest
1741818987524|GET|/icons/icon.png
1741819990846|GET|/
1741819990919|GET|/app.mjs
1741819990949|GET|/controller/usergeneratorView.mjs
1741819990955|GET|/modules/templateManager.mjs
1741819990956|GET|/modules/generateUser.mjs
1741819990966|GET|/controller/usergeneratorView.html
1741819990970|GET|/manifest.Webmanifest
1741819990977|GET|/icons/icon.png
1741819993302|GET|/
1741819993320|GET|/app.mjs
1741819993327|GET|/controller/usergeneratorView.mjs
1741819993335|GET|/modules/templateManager.mjs
1741819993337|GET|/modules/generateUser.mjs
1741819993346|GET|/controller/usergeneratorView.html
1741819993349|GET|/manifest.Webmanifest
1741819993358|GET|/icons/icon.png
1741820114407|GET|/
1741820114427|GET|/app.mjs
1741820114441|GET|/controller/usergeneratorView.mjs
1741820114444|GET|/manifest.Webmanifest
1741820114450|GET|/icons/icon.png
1741820114467|GET|/modules/templateManager.mjs
1741820114468|GET|/modules/generateUser.mjs
1741820114485|GET|/views/usergeneratorView.html
1741820115988|GET|/
1741820116006|GET|/app.mjs
1741820116012|GET|/controller/usergeneratorView.mjs
1741820116018|GET|/modules/templateManager.mjs
1741820116018|GET|/modules/generateUser.mjs
1741820116030|GET|/views/usergeneratorView.html
1741820116035|GET|/manifest.Webmanifest
1741820116040|GET|/icons/icon.png
1741820125834|GET|/
1741820125848|GET|/app.mjs
1741820125858|GET|/controller/usergeneratorView.mjs
1741820125870|GET|/modules/templateManager.mjs
1741820125871|GET|/modules/generateUser.mjs
1741820125878|GET|/views/usergeneratorView.html
1741820125881|GET|/manifest.Webmanifest
1741820125887|GET|/icons/icon.png
1741820207316|GET|/
1741820207334|GET|/app.mjs
1741820207348|GET|/manifest.Webmanifest
1741820207356|GET|/icons/icon.png
1741820208776|GET|/
1741820208795|GET|/app.mjs
1741820208805|GET|/manifest.Webmanifest
1741820208815|GET|/icons/icon.png
1741820268548|GET|/
1741820268573|GET|/app.mjs
1741820268585|GET|/manifest.Webmanifest
1741820268592|GET|/icons/icon.png
1741820268601|GET|/controller/usergeneratorView.mjs
1741820268608|GET|/modules/templateManager.mjs
1741820268609|GET|/modules/generateUser.mjs
1741820268633|GET|/views/usergeneratorView.html
1741820269571|GET|/
1741820269593|GET|/app.mjs
1741820269601|GET|/controller/usergeneratorView.mjs
1741820269608|GET|/modules/templateManager.mjs
1741820269609|GET|/modules/generateUser.mjs
1741820269615|GET|/views/usergeneratorView.html
1741820269617|GET|/manifest.Webmanifest
1741820269622|GET|/icons/icon.png
1741820325271|GET|/
1741820325294|GET|/app.mjs
1741820325306|GET|/controller/usergeneratorView.mjs
1741820325304|GET|/manifest.Webmanifest
1741820325315|GET|/icons/icon.png
1741820325332|GET|/modules/templateManager.mjs
1741820325333|GET|/modules/generateUser.mjs
1741820325339|GET|/view/usergeneratorView.html
1741820377717|GET|/
1741820377741|GET|/app.mjs
1741820377753|GET|/manifest.Webmanifest
1741820377764|GET|/controller/usergeneratorView.mjs
1741820377770|GET|/icons/icon.png
1741820377779|GET|/modules/templateManager.mjs
1741820377779|GET|/modules/generateUser.mjs
1741820377803|GET|/view/usergeneratorView.html
1741820446956|GET|/
1741820446973|GET|/app.mjs
1741820446987|GET|/manifest.Webmanifest
1741820446990|GET|/controller/usergeneratorView.mjs
1741820447047|GET|/icons/icon.png
1741820447050|GET|/modules/templateManager.mjs
1741820447052|GET|/modules/generateUser.mjs
1741820447061|GET|/view/usergeneratorView.html
1741820782113|GET|/
1741820782136|GET|/app.mjs
1741820782153|GET|/controller/usergeneratorView.mjs
1741820782154|GET|/manifest.Webmanifest
1741820782159|GET|/icons/icon.png
1741820782174|GET|/modules/templateManager.mjs
1741820782175|GET|/modules/generateUser.mjs
1741820782184|GET|/view/usergeneratorView.html
1741820783238|GET|/
1741820783252|GET|/app.mjs
1741820783262|GET|/controller/usergeneratorView.mjs
1741820783269|GET|/modules/templateManager.mjs
1741820783270|GET|/modules/generateUser.mjs
1741820783278|GET|/view/usergeneratorView.html
1741820783280|GET|/manifest.Webmanifest
1741820783289|GET|/icons/icon.png
1741820873345|GET|/
1741820873369|GET|/app.mjs
1741820873379|GET|/manifest.Webmanifest
1741820873382|GET|/controller/usergeneratorView.mjs
1741820873386|GET|/icons/icon.png
1741820873404|GET|/modules/templateManager.mjs
1741820873405|GET|/modules/generateUser.mjs
1741820873412|GET|/view/usergeneratorView.html
1741820951054|GET|/
1741820951071|GET|/app.mjs
1741820951084|GET|/controller/usergeneratorView.mjs
1741820951104|GET|/manifest.Webmanifest
1741820951111|GET|/icons/icon.png
1741820953184|GET|/
1741820953200|GET|/app.mjs
1741820953209|GET|/controller/usergeneratorView.mjs
1741820953220|GET|/manifest.Webmanifest
1741820953225|GET|/icons/icon.png
1741820982638|GET|/
1741820982655|GET|/app.mjs
1741820982666|GET|/controller/usergeneratorView.mjs
1741820982690|GET|/manifest.Webmanifest
1741820982695|GET|/icons/icon.png
1741821042626|GET|/
1741821042647|GET|/app.mjs
1741821042661|GET|/manifest.Webmanifest
1741821042663|GET|/controller/usergeneratorView.mjs
1741821042668|GET|/icons/icon.png
1741821042685|GET|/modules/templateManager.mjs
1741821042685|GET|/modules/generateUser.mjs
1741821044091|GET|/
1741821044109|GET|/app.mjs
1741821044119|GET|/controller/usergeneratorView.mjs
1741821044132|GET|/modules/templateManager.mjs
1741821044132|GET|/modules/generateUser.mjs
1741821044139|GET|/manifest.Webmanifest
1741821044145|GET|/icons/icon.png
1741821061720|GET|/
1741821061738|GET|/app.mjs
1741821061750|GET|/controller/usergeneratorView.mjs
1741821061768|GET|/modules/templateManager.mjs
1741821061768|GET|/modules/generateUser.mjs
1741821061775|GET|/manifest.Webmanifest
1741821061781|GET|/icons/icon.png
1741821062575|GET|/
1741821062593|GET|/app.mjs
1741821062603|GET|/controller/usergeneratorView.mjs
1741821062613|GET|/modules/templateManager.mjs
1741821062614|GET|/modules/generateUser.mjs
1741821062622|GET|/manifest.Webmanifest
1741821062626|GET|/icons/icon.png
1741821080829|GET|/
1741821080851|GET|/app.mjs
1741821080858|GET|/controller/usergeneratorView.mjs
1741821080886|GET|/modules/templateManager.mjs
1741821080887|GET|/modules/generateUser.mjs
1741821080947|GET|/view/usergeneratorView.html
1741821080948|GET|/manifest.Webmanifest
1741821080954|GET|/icons/icon.png
1741821157929|GET|/
1741821157957|GET|/app.mjs
1741821157961|GET|/manifest.Webmanifest
1741821157967|GET|/controller/usergeneratorView.mjs
1741821157976|GET|/icons/icon.png
1741821157995|GET|/modules/templateManager.mjs
1741821157996|GET|/modules/generateUser.mjs
1741821158004|GET|/view/usergeneratorView.html
1741821171421|GET|/
1741821171441|GET|/app.mjs
1741821171454|GET|/controller/usergeneratorView.mjs
1741821171473|GET|/modules/templateManager.mjs
1741821171474|GET|/modules/generateUser.mjs
1741821171484|GET|/manifest.Webmanifest
1741821171489|GET|/icons/icon.png
1741821222779|GET|/
1741821222799|GET|/app.mjs
1741821222813|GET|/manifest.Webmanifest
1741821222815|GET|/controller/usergeneratorView.mjs
1741821222820|GET|/icons/icon.png
1741821222841|GET|/modules/templateManager.mjs
1741821222841|GET|/modules/generateUser.mjs
1741821242684|GET|/
1741821242707|GET|/app.mjs
1741821242797|GET|/controller/usergeneratorView.mjs
1741821242819|GET|/modules/templateManager.mjs
1741821242820|GET|/modules/generateUser.mjs
1741821242830|GET|/manifest.Webmanifest
1741821242835|GET|/icons/icon.png
1741821309445|GET|/
1741821309469|GET|/app.mjs
1741821309487|GET|/controller/usergeneratorView.mjs
1741821309488|GET|/manifest.Webmanifest
1741821309496|GET|/icons/icon.png
1741821309511|GET|/modules/templateManager.mjs
1741821309511|GET|/modules/generateUser.mjs
1741821309519|GET|/view/usergeneratorView.html
1741821850479|GET|/
1741821850498|GET|/app.mjs
1741821850510|GET|/controller/usergeneratorView.mjs
1741821850511|GET|/manifest.Webmanifest
1741821850517|GET|/icons/icon.png
1741821850534|GET|/modules/templateManager.mjs
1741821850535|GET|/modules/generateUser.mjs
1741821850559|GET|/view/usergeneratorView.html
1741821852000|POST|/users
1741822224405|GET|/
1741822224430|GET|/app.mjs
1741822224440|GET|/manifest.Webmanifest
1741822224449|GET|/controller/usergeneratorView.mjs
1741822224451|GET|/icons/icon.png
1741822224456|GET|/modules/templateManager.mjs
1741822224456|GET|/modules/generateUser.mjs
1741822224468|GET|/view/usergeneratorView.html
1741822225880|POST|/users
1741822375013|POST|/users
1741822388004|GET|/icons/icon.png
1741822392142|GET|/manifest.Webmanifest
1741822473584|POST|/users
1741822475744|POST|/users
1741822479400|POST|/users/
1741822490378|POST|/user
1741822542574|POST|/user/user
1741822559418|POST|/users/user
1741822697134|GET|/
1741822697154|GET|/app.mjs
1741822697166|GET|/controller/usergeneratorView.mjs
1741822697172|GET|/modules/templateManager.mjs
1741822697172|GET|/modules/generateUser.mjs
1741822697203|GET|/view/usergeneratorView.html
1741822697208|GET|/manifest.Webmanifest
1741822697215|GET|/icons/icon.png
1741822699772|POST|/users
1741822755679|GET|/
1741822755707|GET|/app.mjs
1741822755713|GET|/controller/usergeneratorView.mjs
1741822755724|GET|/modules/templateManager.mjs
1741822755725|GET|/modules/generateUser.mjs
1741822755747|GET|/manifest.Webmanifest
1741822755756|GET|/icons/icon.png
1741822786136|GET|/
1741822786158|GET|/app.mjs
1741822786172|GET|/controller/usergeneratorView.mjs
1741822786179|GET|/modules/templateManager.mjs
1741822786179|GET|/modules/generateUser.mjs
1741822786200|GET|/view/usergeneratorView.html
1741822786203|GET|/manifest.Webmanifest
1741822786211|GET|/icons/icon.png
1741822788118|POST|/users
1741822873172|GET|/
1741822873191|GET|/app.mjs
1741822873205|GET|/controller/usergeneratorView.mjs
1741822873211|GET|/modules/templateManager.mjs
1741822873212|GET|/modules/generateUser.mjs
1741822873233|GET|/view/usergeneratorView.html
1741822873236|GET|/manifest.Webmanifest
1741822873244|GET|/icons/icon.png
1741822874424|POST|/users
1741822998842|GET|/
1741822998863|GET|/app.mjs
1741822998877|GET|/controller/usergeneratorView.mjs
1741822998885|GET|/modules/templateManager.mjs
1741822998886|GET|/modules/generateUser.mjs
1741822998908|GET|/view/usergeneratorView.html
1741822998911|GET|/manifest.Webmanifest
1741822998920|GET|/icons/icon.png
1741822999830|POST|/user
1741823055123|GET|/
1741823055141|GET|/app.mjs
1741823055154|GET|/controller/usergeneratorView.mjs
1741823055162|GET|/modules/templateManager.mjs
1741823055162|GET|/modules/generateUser.mjs
1741823055184|GET|/view/usergeneratorView.html
1741823055190|GET|/manifest.Webmanifest
1741823055196|GET|/icons/icon.png
1741823057646|POST|/user
1741824133149|GET|/sw.js
1741824133189|GET|/index.html
1741824133191|GET|/app.mjs
1741824133192|GET|/icons/icon.png
1741824142903|POST|/user
1741824144014|POST|/user
1741824145228|GET|/
1741824145248|GET|/app.mjs
1741824145262|GET|/controller/usergeneratorView.mjs
1741824145289|GET|/modules/templateManager.mjs
1741824145290|GET|/modules/generateUser.mjs
1741824145310|GET|/controller/userView.mjs
1741824145328|GET|/view/usergeneratorView.html
1741824145331|GET|/manifest.Webmanifest
1741824145338|GET|/view/userView.html
1741824145340|GET|/icons/icon.png
1741824148781|POST|/user
1741824150138|GET|/
1741824150164|GET|/app.mjs
1741824150170|GET|/controller/usergeneratorView.mjs
1741824150183|GET|/modules/templateManager.mjs
1741824150184|GET|/modules/generateUser.mjs
1741824150190|GET|/controller/userView.mjs
1741824150199|GET|/view/usergeneratorView.html
1741824150200|GET|/manifest.Webmanifest
1741824150207|GET|/view/userView.html
1741824150208|GET|/icons/icon.png
1741824155717|GET|/
1741824155751|GET|/app.mjs
1741824155801|GET|/controller/usergeneratorView.mjs
1741824155812|GET|/modules/templateManager.mjs
1741824155812|GET|/modules/generateUser.mjs
1741824155818|GET|/controller/userView.mjs
1741824155826|GET|/view/usergeneratorView.html
1741824155830|GET|/manifest.Webmanifest
1741824155836|GET|/view/userView.html
1741824155839|GET|/icons/icon.png
